Name|Firstname|Email|Phone
Lindsay|Sylvester|nisi.dictum.augue@tacitisociosqu.co.uk|06 96 79 50 70
Spence|Cody|interdum.Sed@vitae.com|03 28 58 56 87
Dominguez|Martina|habitant.morbi@pellentesque.co.uk|09 85 20 14 81
Reid|Hall|vel@enim.co.uk|01 17 76 13 59
Pitts|Beverly|diam@euodioPhasellus.org|07 56 73 61 95
Cole|Drake|elementum.at.egestas@nondui.edu|09 24 10 13 00
Avila|Alfonso|egestas.Sed@Duis.net|02 61 28 06 08
Kirk|Kiara|lacinia.orci@non.co.uk|07 02 18 02 53
Mclaughlin|Duncan|Mauris.nulla@purusaccumsaninterdum.org|04 23 58 74 81
Stephens|Candice|blandit@natoquepenatibus.com|08 92 49 14 87
Ward|Hayfa|ipsum.Donec@nislNulla.com|02 93 05 12 33
Lott|Clare|risus@sedpede.edu|01 58 19 22 52
Hurst|Harper|Cum.sociis.natoque@eratvolutpatNulla.edu|06 22 57 43 11
Mcbride|Wyoming|Phasellus.ornare.Fusce@sedpede.ca|03 41 75 00 60
Pacheco|Orson|vel@acturpis.net|04 71 02 02 85
Hopkins|Timon|eu@vitae.edu|03 52 72 67 03
Guzman|Lani|eu.nibh@aliquetProin.net|08 45 82 89 37
Burgess|Roth|Donec.feugiat@nec.co.uk|09 44 65 87 51
Kelley|Paul|est.congue.a@odiotristiquepharetra.net|08 03 75 01 59
Allison|Alec|et.lacinia@egestasFuscealiquet.co.uk|03 36 81 29 13
Justice|Robert|ac.mattis.velit@rutrumeu.net|07 22 40 96 21
Maxwell|Cameran|lobortis.nisi@ametornarelectus.com|05 49 87 85 60
Martin|William|consequat.auctor@lacusUtnec.ca|01 45 86 68 91
Nieves|Peter|amet@antebibendumullamcorper.edu|04 48 04 33 42
Quinn|Yetta|Curabitur.massa@eu.ca|07 76 28 01 16
George|Herman|commodo.ipsum.Suspendisse@disparturient.net|06 44 80 84 19
Orr|Axel|amet@diam.edu|04 75 09 51 36
Lawrence|Sydney|malesuada@vitaeorci.ca|02 54 17 29 92
Hopper|Lilah|varius@nonenimcommodo.co.uk|06 61 54 01 34
Brady|Magee|neque.venenatis.lacus@In.edu|02 82 61 05 46
Terry|Zia|gravida.Aliquam.tincidunt@magnaUttincidunt.org|09 97 30 86 67
Marshall|Mufutau|porttitor.scelerisque@maurisidsapien.edu|09 39 97 87 93
Ruiz|Patrick|nisi.Aenean@velarcuCurabitur.edu|06 83 56 54 56
Livingston|Ryder|luctus.et.ultrices@musProin.edu|01 29 78 82 62
Price|Abdul|malesuada@Fusce.ca|08 06 60 44 32
Eaton|Anthony|augue@nonfeugiat.net|05 18 47 20 46
Whitehead|Wyatt|Donec.egestas.Aliquam@Proinvelit.edu|06 70 66 70 63
Moss|Sonya|dignissim.magna@utlacus.org|08 90 50 09 26
Clayton|Kessie|sem.mollis@aliquetmolestietellus.net|06 81 52 62 62
Mathews|Faith|montes.nascetur.ridiculus@ipsum.org|09 69 48 74 20
Kemp|Quamar|aliquam@Donec.edu|09 57 30 53 98
Slater|Callie|Cum.sociis@Pellentesquetincidunttempus.com|08 53 95 36 76
Barnett|Acton|neque.tellus.imperdiet@nonleo.co.uk|08 84 98 92 62
Rivers|Henry|non.massa@purus.co.uk|01 00 41 34 02
Horne|Maxine|In.faucibus@vestibulummassarutrum.ca|04 07 16 71 79
Lucas|Aaron|justo.Praesent.luctus@Donec.org|07 30 82 43 68
Clay|Lysandra|ante.ipsum@etmagnis.co.uk|03 89 22 57 45
Bridges|Quinlan|Proin.vel@nec.net|07 14 09 83 76
Lara|Bradley|vulputate.dui.nec@scelerisquenequesed.edu|06 90 77 82 50
Mcmillan|Ronan|sagittis@laoreet.net|01 67 99 42 70
Maynard|Winter|lacus.pede.sagittis@asollicitudinorci.co.uk|07 03 76 31 30
Kelley|Berk|ante.Maecenas.mi@tellusimperdietnon.edu|06 52 75 28 50
Willis|Rahim|mi@diamSed.com|02 91 47 54 22
Pruitt|Isabella|mauris@consectetueradipiscing.co.uk|09 71 45 50 89
Schmidt|Bryar|non.nisi.Aenean@odiotristiquepharetra.org|05 51 56 79 94
Baker|Quin|a.scelerisque@sedsem.net|02 46 99 68 62
Reyes|Kaitlin|velit.Aliquam@risusodio.com|09 04 86 71 30
Pollard|Zephania|egestas@porttitoreros.edu|03 60 95 68 19
Hodge|Mercedes|Fusce.feugiat@felisullamcorper.org|07 42 51 73 67
Harper|Mikayla|Proin@vitaerisusDuis.ca|02 08 45 10 10
Walter|Yoko|est@etrutrumeu.com|03 75 91 47 84
Chang|Jeremy|lectus.pede@sodalesatvelit.com|04 09 18 97 00
Roman|Alisa|magna.Sed.eu@eratEtiam.ca|01 25 47 66 20
Stanley|Abraham|a.mi.fringilla@felisullamcorper.org|01 44 02 03 03
Frye|Azalia|a@Craseget.edu|03 46 48 47 60
Chase|Martha|orci@Aliquam.com|03 95 43 13 59
Mathis|Tarik|massa@scelerisque.edu|07 60 31 18 71
Mcdonald|Katell|parturient@dolor.net|02 68 05 32 32
Case|Reed|tellus.Nunc.lectus@justoProin.org|01 30 57 90 68
Edwards|Alfreda|natoque@facilisismagnatellus.ca|02 02 47 47 86
Jackson|Ryan|turpis@in.edu|01 43 55 09 37
Silva|Malachi|tincidunt.adipiscing@egestasFusce.net|01 92 45 20 52
Roy|Fredericka|quis.lectus.Nullam@etrisusQuisque.ca|04 35 49 99 93
Bradford|Judah|Pellentesque.ut.ipsum@gravida.com|05 86 03 94 28
Jennings|Valentine|lacinia@quamelementum.co.uk|05 70 67 71 62
Bolton|Daquan|Donec@elit.co.uk|03 96 08 51 85
Haynes|Lamar|augue@mus.co.uk|07 14 18 55 64
Moore|Howard|Quisque.ornare.tortor@velvulputate.ca|06 93 17 57 64
Gardner|Lamar|metus.Vivamus@venenatislacus.edu|04 67 52 41 10
Davenport|Ocean|dolor.sit.amet@ligulaNullam.edu|09 04 66 10 92
Ryan|Ivy|aliquet.Proin.velit@fermentum.edu|03 62 99 51 34
Morin|Rebecca|velit@justoProin.com|06 38 83 99 91
Watts|Stacy|Nunc.ac.sem@egestasurnajusto.co.uk|09 47 85 20 02
Case|Blossom|volutpat.ornare@aliquetvelvulputate.org|07 65 41 71 46
Hayes|Jermaine|rhoncus@infelis.ca|07 08 13 24 17
Bridges|Claire|Donec@lorem.ca|03 11 52 32 21
Beach|Hop|lorem@sit.net|07 32 91 83 69
Duffy|Thaddeus|gravida@laoreet.co.uk|06 71 95 50 51
Sharp|Philip|consequat.auctor.nunc@magnaCrasconvallis.net|01 60 94 83 44
Hewitt|Germaine|felis@Aliquamadipiscing.org|07 29 85 85 46
Sparks|Hadley|ipsum.porta@lobortisquispede.com|01 19 62 76 29
Mercer|Alexander|enim.Mauris@Aeneangravidanunc.ca|07 02 50 41 53
Leonard|Claire|Vivamus@semegetmassa.net|01 68 68 34 09
Black|Scarlet|tincidunt.nunc.ac@etmagnisdis.ca|06 21 47 30 93
Mckinney|Rajah|urna@ametconsectetueradipiscing.co.uk|05 54 32 36 52
Rodriquez|Zachary|pretium.et@euarcu.ca|08 00 48 55 50
Lee|Allistair|tempor.erat@nuncIn.edu|01 88 70 49 61
Welch|Cameran|Cras@egestas.com|03 81 61 95 31
Shannon|Lesley|cursus.purus@anteblanditviverra.com|06 16 78 70 85
Flowers|Maryam|nunc.sed.libero@magna.com|08 55 14 15 66}
